transaction_id,customer_id,account_id,beneficiary_account_id,amount_minor,currency,event_time,channel,device_id,new_device,status,risk_grade
TX-AML-001,CUS-NORMAL-001,ACC-NORMAL-001,BEN-UTILITY-001,50000,KRW,2026-02-01T09:00:00,CUSTOMER_WEB,DEV-NORMAL-001,false,POSTED,LOW
TX-AML-002,CUS-NORMAL-001,ACC-NORMAL-001,BEN-UTILITY-001,65000,KRW,2026-02-02T09:15:00,CUSTOMER_WEB,DEV-NORMAL-001,false,POSTED,LOW
TX-AML-003,CUS-HIGH-001,ACC-HIGH-001,BEN-NEW-900,7500000,KRW,2026-02-02T10:00:00,CUSTOMER_WEB,DEV-HIGH-NEW,true,POSTED,HIGH
TX-AML-004,CUS-VEL-001,ACC-VEL-001,BEN-VEL-001,100000,KRW,2026-02-02T11:00:00,CUSTOMER_WEB,DEV-VEL-001,false,POSTED,LOW
TX-AML-005,CUS-VEL-001,ACC-VEL-001,BEN-VEL-002,120000,KRW,2026-02-02T12:00:00,CUSTOMER_WEB,DEV-VEL-001,false,POSTED,LOW
TX-AML-006,CUS-VEL-001,ACC-VEL-001,BEN-VEL-003,130000,KRW,2026-02-02T13:00:00,CUSTOMER_WEB,DEV-VEL-001,false,POSTED,LOW
TX-AML-007,CUS-VEL-001,ACC-VEL-001,BEN-VEL-004,140000,KRW,2026-02-02T14:00:00,CUSTOMER_WEB,DEV-VEL-001,false,POSTED,LOW
TX-AML-008,CUS-VEL-001,ACC-VEL-001,BEN-VEL-005,150000,KRW,2026-02-02T15:00:00,CUSTOMER_WEB,DEV-VEL-001,false,POSTED,LOW
TX-AML-009,CUS-REVIEW-001,ACC-REVIEW-001,BEN-REVIEW-001,1250000,KRW,2026-02-03T09:00:00,STAFF_TERMINAL,DEV-REVIEW-001,false,POSTED,REVIEW_REQUIRED
